,Region,Light Pollution,Time
0,Anaheim,254.690791489,2017-07
1,Bakersfield,239.205699812,2017-07
2,Fresno,245.858974975,2017-07
3,Long Beach,199.686849948,2017-07
4,Los Angeles,254.582933333,2017-07
5,Oakland,228.910792168,2017-07
6,Sacramento,248.187023213,2017-07
7,San Diego,241.931455381,2017-07
8,San Francisco,205.020281976,2017-07
9,San Jose,252.723082189,2017-07
