,Region,Light Pollution,Time
0,Anaheim,254.110808511,2017-09
1,Bakersfield,237.126111846,2017-09
2,Fresno,243.863767911,2017-09
3,Long Beach,197.37331445,2017-09
4,Los Angeles,254.097566667,2017-09
5,Oakland,233.752518602,2017-09
6,Sacramento,248.583337815,2017-09
7,San Diego,241.738908736,2017-09
8,San Francisco,208.619759355,2017-09
9,San Jose,246.5331,2017-09
