,Region,Light Pollution,Time
0,Anaheim,250.643724007,2017-01
1,Bakersfield,233.506673717,2017-01
2,Fresno,238.699793573,2017-01
3,Long Beach,197.012690336,2017-01
4,Los Angeles,253.538619433,2017-01
5,Oakland,229.085831878,2017-01
6,Sacramento,241.764095439,2017-01
7,San Diego,229.56530045,2017-01
8,San Francisco,204.594530359,2017-01
9,San Jose,249.197927419,2017-01
