,Region,Light Pollution,Time
0,Anaheim,254.473123404,2017-11
1,Bakersfield,239.939027153,2017-11
2,Fresno,245.162936065,2017-11
3,Long Beach,198.962773384,2017-11
4,Los Angeles,254.682366667,2017-11
5,Oakland,228.282049715,2017-11
6,Sacramento,246.980519237,2017-11
7,San Diego,241.038869575,2017-11
8,San Francisco,206.314425145,2017-11
9,San Jose,252.4773,2017-11
