,Region,Light Pollution,Time
0,Anaheim,254.429344681,2017-04
1,Bakersfield,238.871757754,2017-04
2,Fresno,242.346065315,2017-04
3,Long Beach,198.37714045,2017-04
4,Los Angeles,254.458333333,2017-04
5,Oakland,230.489756645,2017-04
6,Sacramento,249.78745201,2017-04
7,San Diego,240.873446221,2017-04
8,San Francisco,209.030754263,2017-04
9,San Jose,248.368252964,2017-04
