,Region,Light Pollution,Time
0,Anaheim,254.07387234,2017-08
1,Bakersfield,240.358355661,2017-08
2,Fresno,241.282042889,2017-08
3,Long Beach,197.158459975,2017-08
4,Los Angeles,254.086166667,2017-08
5,Oakland,229.924629237,2017-08
6,Sacramento,247.03758584,2017-08
7,San Diego,243.217286442,2017-08
8,San Francisco,203.943637408,2017-08
9,San Jose,246.5452,2017-08
