,Region,Light Pollution,Time
0,Anaheim,253.303523404,2017-12
1,Bakersfield,236.870487929,2017-12
2,Fresno,243.216312666,2017-12
3,Long Beach,194.466518949,2017-12
4,Los Angeles,253.5248,2017-12
5,Oakland,225.856534297,2017-12
6,Sacramento,247.185354485,2017-12
7,San Diego,238.519218228,2017-12
8,San Francisco,204.660923228,2017-12
9,San Jose,247.123651331,2017-12
