,Region,Light Pollution,Time
0,Anaheim,251.833191489,2018-01
1,Bakersfield,231.64546739,2018-01
2,Fresno,237.935101219,2018-01
3,Long Beach,192.788965157,2018-01
4,Los Angeles,251.9661,2018-01
5,Oakland,225.118979911,2018-01
6,Sacramento,242.716648273,2018-01
7,San Diego,232.376903809,2018-01
8,San Francisco,203.179713962,2018-01
9,San Jose,243.70775,2018-01
